{
  "buildings": [
    { "data": 1000001, "lvl": 20, "x": 18, "y": 18, "l1x": 18, "l1y": 18 },
    { "data": 1000004, "lvl": 20, "x": 38, "y": 38, "res_time": 135449, "l1x": 38, "l1y": 38 },
    {
      "data": 1000000,
      "lvl": 7,
      "x": 10,
      "y": 35,
      "units": [[4000005, 11], [4000000, 1], [4000001, 1]],
      "storage_type": 0,
      "l1x": 10,
      "l1y": 35
    }, { "data": 1000015, "lvl": 20, "x": 32, "y": 13, "l1x": 21, "l1y": 32 },
    { "data": 1000014, "lvl": 20, "x": 22, "y": 22, "unit_req_time": 342, "l1x": 22, "l1y": 22 },
    { "data": 1000008, "lvl": 20, "x": 34, "y": 20, "l1x": 34, "l1y": 20 },
    { "data": 1000015, "lvl": 20, "x": 13, "y": 32, "l1x": 13, "l1y": 32 },
    { "data": 1000002, "lvl": 20, "x": 37, "y": 20, "res_time": 177691, "l1x": 37, "l1y": 20 },
    { "data": 1000003, "lvl": 20, "x": 9, "y": 18, "l1x": 9, "l1y": 18 },
    { "data": 1000005, "lvl": 20, "x": 38, "y": 26, "l1x": 38, "l1y": 26 },
    { "data": 1000006, "lvl": 20, "x": 22, "y": 3, "unit_prod": { "unit_type": 0 }, "l1x": 22, "l1y": 3 },
    { "data": 1000010, "lvl": 20, "x": 21, "y": 5, "l1x": 21, "l1y": 5 },
    { "data": 1000010, "lvl": 20, "x": 17, "y": 6, "l1x": 17, "l1y": 6 },
    { "data": 1000010, "lvl": 20, "x": 6, "y": 17, "l1x": 6, "l1y": 17 },
    { "data": 1000010, "lvl": 20, "x": 18, "y": 13, "l1x": 18, "l1y": 13 },
    { "data": 1000010, "lvl": 20, "x": 25, "y": 7, "l1x": 25, "l1y": 7 },
    { "data": 1000010, "lvl": 20, "x": 26, "y": 7, "l1x": 26, "l1y": 7 },
    { "data": 1000010, "lvl": 20, "x": 27, "y": 7, "l1x": 27, "l1y": 7 },
    { "data": 1000010, "lvl": 20, "x": 28, "y": 7, "l1x": 28, "l1y": 7 },
    { "data": 1000010, "lvl": 20, "x": 29, "y": 7, "l1x": 29, "l1y": 7 },
    { "data": 1000010, "lvl": 20, "x": 29, "y": 8, "l1x": 29, "l1y": 8 },
    { "data": 1000010, "lvl": 20, "x": 29, "y": 9, "l1x": 29, "l1y": 9 },
    { "data": 1000010, "lvl": 20, "x": 29, "y": 10, "l1x": 29, "l1y": 10 },
    { "data": 1000010, "lvl": 20, "x": 26, "y": 11, "l1x": 26, "l1y": 11 },
    { "data": 1000004, "lvl": 20, "x": 38, "y": 29, "res_time": 146913, "l1x": 38, "l1y": 29 },
    { "data": 1000009, "lvl": 20, "x": 10, "y": 22, "l1x": 10, "l1y": 22 },
    { "data": 1000008, "lvl": 20, "x": 35, "y": 29, "l1x": 35, "l1y": 29 },
    { "data": 1000010, "lvl": 20, "x": 27, "y": 11, "l1x": 27, "l1y": 11 },
    { "data": 1000010, "lvl": 20, "x": 28, "y": 11, "l1x": 28, "l1y": 11 },
    { "data": 1000010, "lvl": 20, "x": 29, "y": 11, "l1x": 29, "l1y": 11 },
    { "data": 1000010, "lvl": 20, "x": 29, "y": 12, "l1x": 29, "l1y": 12 },
    { "data": 1000010, "lvl": 20, "x": 29, "y": 13, "l1x": 29, "l1y": 13 },
    { "data": 1000010, "lvl": 20, "x": 29, "y": 14, "l1x": 29, "l1y": 14 },
    { "data": 1000010, "lvl": 20, "x": 32, "y": 15, "l1x": 32, "l1y": 15 },
    { "data": 1000010, "lvl": 20, "x": 33, "y": 15, "l1x": 33, "l1y": 15 },
    { "data": 1000010, "lvl": 20, "x": 34, "y": 15, "l1x": 34, "l1y": 15 },
    { "data": 1000010, "lvl": 20, "x": 35, "y": 15, "l1x": 35, "l1y": 15 },
    { "data": 1000010, "lvl": 20, "x": 35, "y": 16, "l1x": 35, "l1y": 16 },
    { "data": 1000010, "lvl": 20, "x": 35, "y": 17, "l1x": 35, "l1y": 17 },
    { "data": 1000010, "lvl": 20, "x": 35, "y": 18, "l1x": 35, "l1y": 18 },
    { "data": 1000010, "lvl": 20, "x": 35, "y": 19, "l1x": 35, "l1y": 19 },
    { "data": 1000010, "lvl": 20, "x": 34, "y": 19, "l1x": 34, "l1y": 19 },
    { "data": 1000010, "lvl": 20, "x": 33, "y": 19, "l1x": 33, "l1y": 19 },
    { "data": 1000010, "lvl": 20, "x": 32, "y": 19, "l1x": 32, "l1y": 19 },
    { "data": 1000010, "lvl": 20, "x": 26, "y": 15, "l1x": 26, "l1y": 15 },
    { "data": 1000010, "lvl": 20, "x": 27, "y": 15, "l1x": 27, "l1y": 15 },
    { "data": 1000010, "lvl": 20, "x": 28, "y": 15, "l1x": 28, "l1y": 15 },
    { "data": 1000010, "lvl": 20, "x": 29, "y": 15, "l1x": 29, "l1y": 15 },
    { "data": 1000010, "lvl": 20, "x": 30, "y": 15, "l1x": 30, "l1y": 15 },
    { "data": 1000010, "lvl": 20, "x": 31, "y": 15, "l1x": 31, "l1y": 15 },
    { "data": 1000010, "lvl": 20, "x": 31, "y": 16, "l1x": 31, "l1y": 16 },
    { "data": 1000010, "lvl": 20, "x": 31, "y": 17, "l1x": 31, "l1y": 17 },
    { "data": 1000010, "lvl": 20, "x": 31, "y": 18, "l1x": 31, "l1y": 18 },
    { "data": 1000010, "lvl": 20, "x": 31, "y": 19, "l1x": 31, "l1y": 19 },
    { "data": 1000010, "lvl": 20, "x": 30, "y": 19, "l1x": 30, "l1y": 19 },
    { "data": 1000010, "lvl": 20, "x": 29, "y": 19, "l1x": 29, "l1y": 19 },
    { "data": 1000010, "lvl": 20, "x": 28, "y": 19, "l1x": 28, "l1y": 19 },
    { "data": 1000010, "lvl": 20, "x": 27, "y": 19, "l1x": 27, "l1y": 19 },
    { "data": 1000010, "lvl": 20, "x": 26, "y": 19, "l1x": 26, "l1y": 19 },
    { "data": 1000010, "lvl": 20, "x": 9, "y": 22, "l1x": 9, "l1y": 22 },
    { "data": 1000010, "lvl": 20, "x": 9, "y": 23, "l1x": 9, "l1y": 23 },
    { "data": 1000010, "lvl": 20, "x": 10, "y": 25, "l1x": 10, "l1y": 25 },
    { "data": 1000010, "lvl": 20, "x": 9, "y": 25, "l1x": 9, "l1y": 25 },
    { "data": 1000010, "lvl": 20, "x": 8, "y": 25, "l1x": 8, "l1y": 25 },
    { "data": 1000010, "lvl": 20, "x": 7, "y": 25, "l1x": 7, "l1y": 25 },
    { "data": 1000010, "lvl": 20, "x": 7, "y": 26, "l1x": 7, "l1y": 26 },
    { "data": 1000010, "lvl": 20, "x": 7, "y": 27, "l1x": 7, "l1y": 27 },
    { "data": 1000010, "lvl": 20, "x": 7, "y": 28, "l1x": 7, "l1y": 28 },
    { "data": 1000010, "lvl": 20, "x": 7, "y": 29, "l1x": 7, "l1y": 29 },
    { "data": 1000010, "lvl": 20, "x": 8, "y": 29, "l1x": 8, "l1y": 29 },
    { "data": 1000010, "lvl": 20, "x": 9, "y": 29, "l1x": 9, "l1y": 29 },
    { "data": 1000010, "lvl": 20, "x": 10, "y": 29, "l1x": 10, "l1y": 29 },
    { "data": 1000010, "lvl": 20, "x": 11, "y": 25, "l1x": 11, "l1y": 25 },
    { "data": 1000010, "lvl": 20, "x": 11, "y": 26, "l1x": 11, "l1y": 26 },
    { "data": 1000010, "lvl": 20, "x": 11, "y": 27, "l1x": 11, "l1y": 27 },
    { "data": 1000010, "lvl": 20, "x": 11, "y": 28, "l1x": 11, "l1y": 28 },
    { "data": 1000010, "lvl": 20, "x": 11, "y": 29, "l1x": 11, "l1y": 29 },
    { "data": 1000010, "lvl": 20, "x": 12, "y": 29, "l1x": 12, "l1y": 29 },
    { "data": 1000010, "lvl": 20, "x": 13, "y": 29, "l1x": 13, "l1y": 29 },
    { "data": 1000010, "lvl": 20, "x": 14, "y": 29, "l1x": 14, "l1y": 29 },
    { "data": 1000010, "lvl": 20, "x": 6, "y": 21, "l1x": 6, "l1y": 21 },
    { "data": 1000010, "lvl": 20, "x": 13, "y": 18, "l1x": 13, "l1y": 18 },
    { "data": 1000010, "lvl": 20, "x": 15, "y": 32, "l1x": 15, "l1y": 32 },
    { "data": 1000010, "lvl": 20, "x": 15, "y": 33, "l1x": 15, "l1y": 33 },
    { "data": 1000010, "lvl": 20, "x": 15, "y": 34, "l1x": 15, "l1y": 34 },
    { "data": 1000010, "lvl": 20, "x": 15, "y": 35, "l1x": 15, "l1y": 35 },
    { "data": 1000010, "lvl": 20, "x": 16, "y": 35, "l1x": 16, "l1y": 35 },
    { "data": 1000010, "lvl": 20, "x": 17, "y": 35, "l1x": 17, "l1y": 35 },
    { "data": 1000010, "lvl": 20, "x": 18, "y": 35, "l1x": 18, "l1y": 35 },
    { "data": 1000010, "lvl": 20, "x": 19, "y": 35, "l1x": 19, "l1y": 35 },
    { "data": 1000010, "lvl": 20, "x": 19, "y": 34, "l1x": 19, "l1y": 34 },
    { "data": 1000010, "lvl": 20, "x": 19, "y": 33, "l1x": 19, "l1y": 33 },
    { "data": 1000010, "lvl": 20, "x": 15, "y": 26, "l1x": 15, "l1y": 26 },
    { "data": 1000010, "lvl": 20, "x": 15, "y": 27, "l1x": 15, "l1y": 27 },
    { "data": 1000010, "lvl": 20, "x": 15, "y": 28, "l1x": 15, "l1y": 28 },
    { "data": 1000010, "lvl": 20, "x": 15, "y": 29, "l1x": 15, "l1y": 29 },
    { "data": 1000010, "lvl": 20, "x": 15, "y": 30, "l1x": 15, "l1y": 30 },
    { "data": 1000010, "lvl": 20, "x": 15, "y": 31, "l1x": 15, "l1y": 31 },
    { "data": 1000010, "lvl": 20, "x": 16, "y": 31, "l1x": 16, "l1y": 31 },
    { "data": 1000010, "lvl": 20, "x": 17, "y": 31, "l1x": 17, "l1y": 31 },
    { "data": 1000010, "lvl": 20, "x": 18, "y": 31, "l1x": 18, "l1y": 31 },
    { "data": 1000010, "lvl": 20, "x": 19, "y": 32, "l1x": 19, "l1y": 32 },
    { "data": 1000010, "lvl": 20, "x": 19, "y": 31, "l1x": 19, "l1y": 31 },
    { "data": 1000010, "lvl": 20, "x": 19, "y": 30, "l1x": 19, "l1y": 30 },
    { "data": 1000010, "lvl": 20, "x": 19, "y": 29, "l1x": 19, "l1y": 29 },
    { "data": 1000010, "lvl": 20, "x": 19, "y": 28, "l1x": 19, "l1y": 28 },
    { "data": 1000010, "lvl": 20, "x": 19, "y": 27, "l1x": 19, "l1y": 27 },
    { "data": 1000010, "lvl": 20, "x": 19, "y": 26, "l1x": 19, "l1y": 26 },
    { "data": 1000010, "lvl": 20, "x": 8, "y": 18, "l1x": 8, "l1y": 18 },
    { "data": 1000010, "lvl": 20, "x": 8, "y": 20, "l1x": 8, "l1y": 20 },
    { "data": 1000010, "lvl": 20, "x": 9, "y": 24, "l1x": 9, "l1y": 24 },
    { "data": 1000010, "lvl": 20, "x": 8, "y": 19, "l1x": 8, "l1y": 19 },
    { "data": 1000010, "lvl": 20, "x": 9, "y": 21, "l1x": 9, "l1y": 21 },
    { "data": 1000010, "lvl": 20, "x": 10, "y": 21, "l1x": 10, "l1y": 21 },
    { "data": 1000004, "lvl": 20, "x": 35, "y": 38, "res_time": 118525, "l1x": 35, "l1y": 38 },
    {
      "data": 1000000,
      "lvl": 20,
      "x": 8,
      "y": 30,
      "units": [[4000010, 4], [4000005, 11]],
      "storage_type": 0,
      "l1x": 8,
      "l1y": 30
    }, { "data": 1000006, "lvl": 20, "x": 26, "y": 8, "unit_prod": { "unit_type": 0 }, "l1x": 26, "l1y": 8 },
    { "data": 1000015, "lvl": 20, "x": 32, "y": 20, "l1x": 32, "l1y": 20 },
    { "data": 1000009, "lvl": 20, "x": 16, "y": 32, "l1x": 16, "l1y": 32 },
    { "data": 1000005, "lvl": 20, "x": 26, "y": 38, "l1x": 26, "l1y": 38 },
    { "data": 1000004, "lvl": 20, "x": 38, "y": 35, "res_time": 135451, "l1x": 38, "l1y": 35 },
    { "data": 1000002, "lvl": 20, "x": 38, "y": 23, "res_time": 177692, "l1x": 38, "l1y": 23 },
    { "data": 1000003, "lvl": 20, "x": 12, "y": 26, "l1x": 12, "l1y": 26 },
    { "data": 1000015, "lvl": 20, "x": 20, "y": 32, "l1x": 32, "l1y": 13 },
    { "data": 1000010, "lvl": 20, "x": 11, "y": 21, "l1x": 11, "l1y": 21 },
    { "data": 1000010, "lvl": 20, "x": 7, "y": 21, "l1x": 7, "l1y": 21 },
    { "data": 1000010, "lvl": 20, "x": 5, "y": 21, "l1x": 5, "l1y": 21 },
    { "data": 1000010, "lvl": 20, "x": 7, "y": 17, "l1x": 7, "l1y": 17 },
    { "data": 1000010, "lvl": 20, "x": 5, "y": 17, "l1x": 5, "l1y": 17 },
    { "data": 1000010, "lvl": 20, "x": 5, "y": 18, "l1x": 5, "l1y": 18 },
    { "data": 1000010, "lvl": 20, "x": 5, "y": 19, "l1x": 5, "l1y": 19 },
    { "data": 1000010, "lvl": 20, "x": 5, "y": 20, "l1x": 5, "l1y": 20 },
    { "data": 1000010, "lvl": 20, "x": 8, "y": 21, "l1x": 8, "l1y": 21 },
    { "data": 1000010, "lvl": 20, "x": 8, "y": 17, "l1x": 8, "l1y": 17 },
    { "data": 1000010, "lvl": 20, "x": 22, "y": 8, "l1x": 22, "l1y": 8 },
    { "data": 1000010, "lvl": 20, "x": 23, "y": 8, "l1x": 23, "l1y": 8 },
    { "data": 1000010, "lvl": 20, "x": 24, "y": 8, "l1x": 24, "l1y": 8 },
    { "data": 1000010, "lvl": 20, "x": 25, "y": 8, "l1x": 25, "l1y": 8 },
    { "data": 1000010, "lvl": 20, "x": 25, "y": 9, "l1x": 25, "l1y": 9 },
    { "data": 1000010, "lvl": 20, "x": 25, "y": 10, "l1x": 25, "l1y": 10 },
    { "data": 1000010, "lvl": 20, "x": 25, "y": 11, "l1x": 25, "l1y": 11 },
    { "data": 1000010, "lvl": 20, "x": 21, "y": 8, "l1x": 21, "l1y": 8 },
    { "data": 1000010, "lvl": 20, "x": 21, "y": 7, "l1x": 21, "l1y": 7 },
    { "data": 1000010, "lvl": 20, "x": 21, "y": 6, "l1x": 21, "l1y": 6 },
    { "data": 1000008, "lvl": 20, "x": 20, "y": 34, "l1x": 20, "l1y": 34 },
    { "data": 1000013, "lvl": 20, "x": 29, "y": 20, "l1x": 29, "l1y": 20 },
    { "data": 1000009, "lvl": 20, "x": 32, "y": 16, "l1x": 32, "l1y": 16 },
    { "data": 1000013, "lvl": 20, "x": 20, "y": 29, "l1x": 20, "l1y": 29 },
    { "data": 1000002, "lvl": 20, "x": 23, "y": 38, "res_time": 177693, "l1x": 23, "l1y": 38 },
    { "data": 1000002, "lvl": 20, "x": 35, "y": 23, "res_time": 177692, "l1x": 35, "l1y": 23 },
    { "data": 1000010, "lvl": 20, "x": 20, "y": 5, "l1x": 20, "l1y": 5 },
    { "data": 1000010, "lvl": 20, "x": 19, "y": 5, "l1x": 19, "l1y": 5 },
    { "data": 1000010, "lvl": 20, "x": 18, "y": 5, "l1x": 18, "l1y": 5 },
    { "data": 1000010, "lvl": 20, "x": 17, "y": 5, "l1x": 17, "l1y": 5 },
    { "data": 1000010, "lvl": 20, "x": 17, "y": 7, "l1x": 17, "l1y": 7 },
    { "data": 1000010, "lvl": 20, "x": 17, "y": 8, "l1x": 17, "l1y": 8 },
    { "data": 1000010, "lvl": 20, "x": 21, "y": 11, "l1x": 21, "l1y": 11 },
    { "data": 1000010, "lvl": 20, "x": 21, "y": 10, "l1x": 21, "l1y": 10 },
    { "data": 1000009, "lvl": 20, "x": 22, "y": 9, "l1x": 22, "l1y": 9 },
    { "data": 1000008, "lvl": 20, "x": 29, "y": 35, "l1x": 29, "l1y": 35 },
    { "data": 1000013, "lvl": 20, "x": 31, "y": 31, "l1x": 31, "l1y": 31 },
    { "data": 1000008, "lvl": 20, "x": 29, "y": 26, "l1x": 29, "l1y": 26 },
    { "data": 1000012, "lvl": 20, "x": 14, "y": 18, "l1x": 14, "l1y": 18 },
    { "data": 1000003, "lvl": 20, "x": 18, "y": 9, "l1x": 18, "l1y": 9 },
    { "data": 1000010, "lvl": 20, "x": 21, "y": 9, "l1x": 21, "l1y": 9 },
    { "data": 1000010, "lvl": 20, "x": 20, "y": 8, "l1x": 20, "l1y": 8 },
    { "data": 1000010, "lvl": 20, "x": 19, "y": 8, "l1x": 19, "l1y": 8 },
    { "data": 1000010, "lvl": 20, "x": 18, "y": 8, "l1x": 18, "l1y": 8 },
    { "data": 1000010, "lvl": 20, "x": 9, "y": 12, "l1x": 9, "l1y": 12 },
    { "data": 1000012, "lvl": 20, "x": 22, "y": 14, "l1x": 21, "l1y": 26 },
    { "data": 1000009, "lvl": 20, "x": 35, "y": 26, "l1x": 35, "l1y": 26 },
    { "data": 1000010, "lvl": 20, "x": 9, "y": 11, "l1x": 9, "l1y": 11 },
    { "data": 1000010, "lvl": 20, "x": 9, "y": 10, "l1x": 9, "l1y": 10 },
    { "data": 1000010, "lvl": 20, "x": 9, "y": 9, "l1x": 9, "l1y": 9 },
    { "data": 1000010, "lvl": 20, "x": 10, "y": 9, "l1x": 10, "l1y": 9 },
    { "data": 1000010, "lvl": 20, "x": 11, "y": 9, "l1x": 11, "l1y": 9 },
    { "data": 1000010, "lvl": 20, "x": 12, "y": 9, "l1x": 12, "l1y": 9 },
    { "data": 1000010, "lvl": 20, "x": 10, "y": 13, "l1x": 10, "l1y": 13 },
    { "data": 1000010, "lvl": 20, "x": 11, "y": 13, "l1x": 11, "l1y": 13 },
    { "data": 1000010, "lvl": 20, "x": 12, "y": 13, "l1x": 12, "l1y": 13 },
    { "data": 1000010, "lvl": 20, "x": 9, "y": 13, "l1x": 9, "l1y": 13 },
    { "data": 1000010, "lvl": 20, "x": 9, "y": 14, "l1x": 9, "l1y": 14 },
    { "data": 1000010, "lvl": 20, "x": 9, "y": 15, "l1x": 9, "l1y": 15 },
    { "data": 1000010, "lvl": 20, "x": 9, "y": 16, "l1x": 9, "l1y": 16 },
    { "data": 1000010, "lvl": 20, "x": 9, "y": 17, "l1x": 9, "l1y": 17 },
    { "data": 1000010, "lvl": 20, "x": 10, "y": 17, "l1x": 10, "l1y": 17 },
    { "data": 1000010, "lvl": 20, "x": 11, "y": 17, "l1x": 11, "l1y": 17 },
    { "data": 1000010, "lvl": 20, "x": 13, "y": 12, "l1x": 13, "l1y": 12 },
    { "data": 1000010, "lvl": 20, "x": 13, "y": 11, "l1x": 13, "l1y": 11 },
    { "data": 1000010, "lvl": 20, "x": 13, "y": 10, "l1x": 13, "l1y": 10 },
    { "data": 1000010, "lvl": 20, "x": 13, "y": 9, "l1x": 13, "l1y": 9 },
    { "data": 1000010, "lvl": 20, "x": 14, "y": 9, "l1x": 14, "l1y": 9 },
    { "data": 1000010, "lvl": 20, "x": 15, "y": 9, "l1x": 15, "l1y": 9 },
    { "data": 1000010, "lvl": 20, "x": 16, "y": 9, "l1x": 16, "l1y": 9 },
    { "data": 1000010, "lvl": 20, "x": 17, "y": 9, "l1x": 17, "l1y": 9 },
    { "data": 1000010, "lvl": 20, "x": 17, "y": 10, "l1x": 17, "l1y": 10 },
    { "data": 1000010, "lvl": 20, "x": 17, "y": 11, "l1x": 17, "l1y": 11 },
    { "data": 1000010, "lvl": 20, "x": 16, "y": 13, "l1x": 16, "l1y": 13 },
    { "data": 1000010, "lvl": 20, "x": 15, "y": 13, "l1x": 15, "l1y": 13 },
    { "data": 1000010, "lvl": 20, "x": 14, "y": 13, "l1x": 14, "l1y": 13 },
    { "data": 1000010, "lvl": 20, "x": 13, "y": 13, "l1x": 13, "l1y": 13 },
    { "data": 1000010, "lvl": 20, "x": 13, "y": 14, "l1x": 13, "l1y": 14 },
    { "data": 1000010, "lvl": 20, "x": 13, "y": 15, "l1x": 13, "l1y": 15 },
    { "data": 1000010, "lvl": 20, "x": 13, "y": 16, "l1x": 13, "l1y": 16 },
    { "data": 1000010, "lvl": 20, "x": 16, "y": 17, "l1x": 16, "l1y": 17 },
    { "data": 1000010, "lvl": 20, "x": 15, "y": 17, "l1x": 15, "l1y": 17 },
    { "data": 1000010, "lvl": 20, "x": 14, "y": 17, "l1x": 14, "l1y": 17 },
    { "data": 1000010, "lvl": 20, "x": 13, "y": 17, "l1x": 13, "l1y": 17 },
    { "data": 1000010, "lvl": 20, "x": 12, "y": 17, "l1x": 12, "l1y": 17 },
    { "data": 1000010, "lvl": 20, "x": 12, "y": 18, "l1x": 12, "l1y": 18 },
    { "data": 1000010, "lvl": 20, "x": 12, "y": 19, "l1x": 12, "l1y": 19 },
    { "data": 1000010, "lvl": 20, "x": 12, "y": 20, "l1x": 12, "l1y": 20 },
    { "data": 1000010, "lvl": 20, "x": 16, "y": 21, "l1x": 16, "l1y": 21 },
    { "data": 1000010, "lvl": 20, "x": 15, "y": 21, "l1x": 15, "l1y": 21 },
    { "data": 1000010, "lvl": 20, "x": 14, "y": 21, "l1x": 14, "l1y": 21 },
    { "data": 1000010, "lvl": 20, "x": 13, "y": 21, "l1x": 13, "l1y": 21 },
    { "data": 1000010, "lvl": 20, "x": 12, "y": 21, "l1x": 12, "l1y": 21 },
    { "data": 1000010, "lvl": 20, "x": 13, "y": 22, "l1x": 13, "l1y": 22 },
    { "data": 1000010, "lvl": 20, "x": 13, "y": 23, "l1x": 13, "l1y": 23 },
    { "data": 1000010, "lvl": 20, "x": 13, "y": 24, "l1x": 13, "l1y": 24 },
    { "data": 1000010, "lvl": 20, "x": 12, "y": 25, "l1x": 12, "l1y": 25 },
    { "data": 1000010, "lvl": 20, "x": 13, "y": 25, "l1x": 13, "l1y": 25 },
    { "data": 1000010, "lvl": 20, "x": 14, "y": 25, "l1x": 14, "l1y": 25 },
    { "data": 1000010, "lvl": 20, "x": 15, "y": 25, "l1x": 15, "l1y": 25 },
    { "data": 1000010, "lvl": 20, "x": 16, "y": 25, "l1x": 16, "l1y": 25 },
    { "data": 1000010, "lvl": 20, "x": 17, "y": 16, "l1x": 17, "l1y": 16 },
    { "data": 1000010, "lvl": 20, "x": 17, "y": 15, "l1x": 17, "l1y": 15 },
    { "data": 1000010, "lvl": 20, "x": 17, "y": 14, "l1x": 17, "l1y": 14 },
    { "data": 1000010, "lvl": 20, "x": 17, "y": 13, "l1x": 17, "l1y": 13 },
    { "data": 1000010, "lvl": 20, "x": 17, "y": 12, "l1x": 17, "l1y": 12 },
    { "data": 1000010, "lvl": 20, "x": 18, "y": 12, "l1x": 18, "l1y": 12 },
    { "data": 1000010, "lvl": 20, "x": 19, "y": 12, "l1x": 19, "l1y": 12 },
    { "data": 1000010, "lvl": 20, "x": 20, "y": 12, "l1x": 20, "l1y": 12 },
    { "data": 1000010, "lvl": 20, "x": 21, "y": 16, "l1x": 21, "l1y": 16 },
    { "data": 1000010, "lvl": 20, "x": 21, "y": 15, "l1x": 21, "l1y": 15 },
    { "data": 1000010, "lvl": 20, "x": 21, "y": 14, "l1x": 21, "l1y": 14 },
    { "data": 1000010, "lvl": 20, "x": 21, "y": 13, "l1x": 21, "l1y": 13 },
    { "data": 1000010, "lvl": 20, "x": 21, "y": 12, "l1x": 21, "l1y": 12 },
    { "data": 1000010, "lvl": 20, "x": 22, "y": 12, "l1x": 22, "l1y": 12 },
    { "data": 1000010, "lvl": 20, "x": 23, "y": 12, "l1x": 23, "l1y": 12 },
    { "data": 1000010, "lvl": 20, "x": 24, "y": 12, "l1x": 24, "l1y": 12 },
    { "data": 1000010, "lvl": 20, "x": 25, "y": 12, "l1x": 25, "l1y": 12 },
    { "data": 1000010, "lvl": 20, "x": 25, "y": 13, "l1x": 25, "l1y": 13 },
    { "data": 1000010, "lvl": 20, "x": 25, "y": 14, "l1x": 25, "l1y": 14 },
    { "data": 1000010, "lvl": 20, "x": 25, "y": 15, "l1x": 25, "l1y": 15 },
    { "data": 1000010, "lvl": 20, "x": 25, "y": 16, "l1x": 25, "l1y": 16 },
    { "data": 1000010, "lvl": 20, "x": 21, "y": 17, "l1x": 21, "l1y": 17 },
    { "data": 1000010, "lvl": 20, "x": 20, "y": 17, "l1x": 20, "l1y": 17 },
    { "data": 1000010, "lvl": 20, "x": 19, "y": 17, "l1x": 19, "l1y": 17 },
    { "data": 1000010, "lvl": 20, "x": 18, "y": 17, "l1x": 18, "l1y": 17 },
    { "data": 1000010, "lvl": 20, "x": 17, "y": 17, "l1x": 17, "l1y": 17 },
    { "data": 1000010, "lvl": 20, "x": 17, "y": 18, "l1x": 17, "l1y": 18 },
    { "data": 1000010, "lvl": 20, "x": 17, "y": 19, "l1x": 17, "l1y": 19 },
    { "data": 1000010, "lvl": 20, "x": 17, "y": 20, "l1x": 17, "l1y": 20 },
    { "data": 1000010, "lvl": 20, "x": 17, "y": 21, "l1x": 17, "l1y": 21 },
    { "data": 1000010, "lvl": 20, "x": 17, "y": 23, "l1x": 17, "l1y": 23 },
    { "data": 1000010, "lvl": 20, "x": 17, "y": 24, "l1x": 17, "l1y": 24 },
    { "data": 1000010, "lvl": 20, "x": 17, "y": 25, "l1x": 17, "l1y": 25 },
    { "data": 1000010, "lvl": 20, "x": 23, "y": 17, "l1x": 23, "l1y": 17 },
    { "data": 1000010, "lvl": 20, "x": 24, "y": 17, "l1x": 24, "l1y": 17 },
    { "data": 1000010, "lvl": 20, "x": 25, "y": 17, "l1x": 25, "l1y": 17 },
    { "data": 1000010, "lvl": 20, "x": 25, "y": 18, "l1x": 25, "l1y": 18 },
    { "data": 1000010, "lvl": 20, "x": 25, "y": 19, "l1x": 25, "l1y": 19 },
    { "data": 1000005, "lvl": 20, "x": 23, "y": 29, "l1x": 23, "l1y": 29 },
    { "data": 1000007, "lvl": 20, "x": 36, "y": 15, "l1x": 36, "l1y": 15 },
    { "data": 1000004, "lvl": 20, "x": 38, "y": 32, "res_time": 146912, "l1x": 38, "l1y": 32 },
    { "data": 1000012, "lvl": 20, "x": 18, "y": 14, "l1x": 18, "l1y": 14 },
    { "data": 1000011, "lvl": 20, "x": 28, "y": 32, "l1x": 28, "l1y": 32 },
    { "data": 1000011, "lvl": 20, "x": 32, "y": 28, "l1x": 32, "l1y": 28 },
    { "data": 1000011, "lvl": 20, "x": 23, "y": 32, "l1x": 23, "l1y": 32 },
    { "data": 1000010, "lvl": 20, "x": 18, "y": 25, "l1x": 18, "l1y": 25 },
    { "data": 1000010, "lvl": 20, "x": 19, "y": 25, "l1x": 19, "l1y": 25 },
    { "data": 1000010, "lvl": 20, "x": 22, "y": 17, "l1x": 22, "l1y": 17 },
    { "data": 1000010, "lvl": 20, "x": 22, "y": 18, "l1x": 22, "l1y": 18 },
    { "data": 1000010, "lvl": 20, "x": 17, "y": 22, "l1x": 17, "l1y": 22 },
    { "data": 1000010, "lvl": 20, "x": 25, "y": 21, "l1x": 25, "l1y": 21 },
    { "data": 1000009, "lvl": 20, "x": 35, "y": 35, "l1x": 35, "l1y": 35 },
    { "data": 1000005, "lvl": 20, "x": 29, "y": 23, "l1x": 29, "l1y": 23 },
    { "data": 1000004, "lvl": 20, "x": 32, "y": 38, "res_time": 135450, "l1x": 32, "l1y": 38 },
    { "data": 1000000, "lvl": 20, "x": 35, "y": 10, "units": [[4000010, 30]], "storage_type": 0, "l1x": 35, "l1y": 10 },
    { "data": 1000010, "lvl": 20, "x": 18, "y": 22, "l1x": 18, "l1y": 22 },
    { "data": 1000010, "lvl": 20, "x": 22, "y": 19, "l1x": 22, "l1y": 19 },
    { "data": 1000010, "lvl": 20, "x": 21, "y": 25, "l1x": 21, "l1y": 25 },
    { "data": 1000010, "lvl": 20, "x": 25, "y": 25, "l1x": 25, "l1y": 25 },
    { "data": 1000010, "lvl": 20, "x": 24, "y": 25, "l1x": 24, "l1y": 25 },
    { "data": 1000010, "lvl": 20, "x": 23, "y": 25, "l1x": 23, "l1y": 25 },
    { "data": 1000010, "lvl": 20, "x": 22, "y": 25, "l1x": 22, "l1y": 25 },
    { "data": 1000010, "lvl": 20, "x": 20, "y": 25, "l1x": 20, "l1y": 25 },
    { "data": 1000010, "lvl": 20, "x": 20, "y": 24, "l1x": 20, "l1y": 24 },
    { "data": 1000010, "lvl": 20, "x": 20, "y": 23, "l1x": 20, "l1y": 23 },
    { "data": 1000010, "lvl": 20, "x": 20, "y": 22, "l1x": 20, "l1y": 22 },
    { "data": 1000006, "lvl": 20, "x": 4, "y": 22, "unit_prod": { "unit_type": 0 }, "l1x": 4, "l1y": 22 },
    { "data": 1000000, "lvl": 20, "x": 30, "y": 8, "units": [[4000017, 2]], "storage_type": 0, "l1x": 30, "l1y": 8 },
    { "data": 1000006, "lvl": 20, "x": 8, "y": 26, "unit_prod": { "unit_type": 0 }, "l1x": 8, "l1y": 26 },
    { "data": 1000010, "lvl": 20, "x": 19, "y": 22, "l1x": 19, "l1y": 22 },
    { "data": 1000010, "lvl": 20, "x": 22, "y": 20, "l1x": 22, "l1y": 20 },
    { "data": 1000010, "lvl": 20, "x": 23, "y": 20, "l1x": 23, "l1y": 20 },
    { "data": 1000010, "lvl": 20, "x": 24, "y": 20, "l1x": 24, "l1y": 20 },
    { "data": 1000010, "lvl": 20, "x": 25, "y": 24, "l1x": 25, "l1y": 24 },
    { "data": 1000010, "lvl": 20, "x": 25, "y": 23, "l1x": 25, "l1y": 23 },
    { "data": 1000010, "lvl": 20, "x": 25, "y": 22, "l1x": 25, "l1y": 22 },
    { "data": 1000010, "lvl": 20, "x": 25, "y": 20, "l1x": 25, "l1y": 20 },
    { "data": 1000003, "lvl": 20, "x": 26, "y": 12, "l1x": 26, "l1y": 12 },
    {
      "data": 1000020,
      "lvl": 20,
      "x": 15,
      "y": 36,
      "units": [[26000002, 3], [26000005, 2]],
      "storage_type": 1,
      "unit_prod": { "unit_type": 1 },
      "l1x": 15,
      "l1y": 36
    }, { "data": 1000012, "lvl": 20, "x": 14, "y": 22, "l1x": 26, "l1y": 21 },
    { "data": 1000004, "lvl": 20, "x": 29, "y": 38, "res_time": 135454, "l1x": 29, "l1y": 38 },
    { "data": 1000002, "lvl": 20, "x": 35, "y": 32, "res_time": 177692, "l1x": 35, "l1y": 32 },
    { "data": 1000008, "lvl": 20, "x": 26, "y": 29, "l1x": 26, "l1y": 29 },
    { "data": 1000011, "lvl": 20, "x": 32, "y": 23, "l1x": 32, "l1y": 23 },
    { "data": 1000009, "lvl": 20, "x": 26, "y": 35, "l1x": 26, "l1y": 35 },
    { "data": 1000002, "lvl": 20, "x": 32, "y": 35, "res_time": 177692, "l1x": 32, "l1y": 35 },
    { "data": 1000002, "lvl": 20, "x": 23, "y": 35, "res_time": 177693, "l1x": 23, "l1y": 35 },
    { "data": 1000023, "lvl": 20, "x": 19, "y": 37, "res_time": 46919, "l1x": 19, "l1y": 37 },
    { "data": 1000024, "lvl": 20, "x": 26, "y": 26, "l1x": 26, "l1y": 26 },
    { "data": 1000023, "lvl": 20, "x": 14, "y": 10, "res_time": 55284, "l1x": 14, "l1y": 10 },
    { "data": 1000023, "lvl": 20, "x": 10, "y": 14, "res_time": 55284, "l1x": 10, "l1y": 14 },
    { "data": 1000022, "lvl": 20, "x": 21, "y": 26, "l1x": 14, "l1y": 22 },
    { "data": 1000026, "lvl": 20, "x": 5, "y": 14, "unit_prod": { "unit_type": 0 }, "l1x": 5, "l1y": 14 },
    { "data": 1000026, "lvl": 20, "x": 14, "y": 5, "unit_prod": { "unit_type": 0 }, "l1x": 14, "l1y": 5 },
    {
      "data": 1000027,
      "lvl": 20,
      "x": 23,
      "y": 18,
      "attack_mode": true,
      "attack_mode_war": true,
      "attack_mode_draft": true,
      "attack_mode_draft_war": true,
      "ammo": 750,
      "l1x": 23,
      "l1y": 18
    }, {
      "data": 1000027,
      "lvl": 20,
      "x": 18,
      "y": 23,
      "attack_mode": true,
      "attack_mode_war": true,
      "attack_mode_draft": true,
      "attack_mode_draft_war": true,
      "ammo": 750,
      "l1x": 18,
      "l1y": 23
    }, {
      "data": 1000021,
      "lvl": 20,
      "x": 28,
      "y": 16,
      "attack_mode": false,
      "attack_mode_war": false,
      "attack_mode_draft": false,
      "attack_mode_draft_war": false,
      "ammo": 1500,
      "l1x": 28,
      "l1y": 16
    }, {
      "data": 1000021,
      "lvl": 20,
      "x": 16,
      "y": 28,
      "attack_mode": false,
      "attack_mode_war": false,
      "attack_mode_draft": false,
      "attack_mode_draft_war": false,
      "ammo": 1500,
      "l1x": 16,
      "l1y": 28
    }, { "data": 1000025, "lvl": 0, "x": 26, "y": 21, "l1x": 22, "l1y": 14 },
    {
      "data": 1000021,
      "lvl": 20,
      "x": 14,
      "y": 14,
      "attack_mode": false,
      "attack_mode_war": false,
      "attack_mode_draft": false,
      "attack_mode_draft_war": false,
      "ammo": 1500,
      "l1x": 14,
      "l1y": 14
    }, { "data": 1000019, "lvl": 20, "x": 26, "y": 16, "l1x": 26, "l1y": 16 },
    { "data": 1000019, "lvl": 20, "x": 6, "y": 19, "l1x": 6, "l1y": 19 },
    { "data": 1000019, "lvl": 20, "x": 16, "y": 26, "l1x": 17, "l1y": 26 },
    { "data": 1000019, "lvl": 20, "x": 19, "y": 6, "l1x": 19, "l1y": 6 },
    { "data": 1000015, "lvl": 20, "x": 11, "y": 11, "l1x": 11, "l1y": 11 }
  ],
  "obstacles": [
  { "data": 8000000, "x": 42, "y": 36, "l1x": -1, "l1y": -1, "loot_multiply_ver": 2 },
  { "data": 8000000, "x": 9, "y": 42, "l1x": -1, "l1y": -1, "loot_multiply_ver": 2 },
  { "data": 8000013, "x": 11, "y": 0, "l1x": -1, "l1y": -1, "loot_multiply_ver": 2 },
  { "data": 8000000, "x": 27, "y": 42, "l1x": -1, "l1y": -1, "loot_multiply_ver": 2 },
  { "data": 8000000, "x": 42, "y": 23, "l1x": -1, "l1y": -1, "loot_multiply_ver": 2 },
  { "data": 8000004, "x": 2, "y": 0, "l1x": -1, "l1y": -1, "loot_multiply_ver": 2 },
  { "data": 8000000, "x": 1, "y": 36, "l1x": -1, "l1y": -1, "loot_multiply_ver": 2 },
  { "data": 8000000, "x": 0, "y": 23, "l1x": -1, "l1y": -1, "loot_multiply_ver": 2 },
  { "data": 8000000, "x": 5, "y": 41, "l1x": -1, "l1y": -1, "loot_multiply_ver": 2 },
  { "data": 8000000, "x": 19, "y": 42, "l1x": -1, "l1y": -1, "loot_multiply_ver": 2 },
  { "data": 8000013, "x": 41, "y": 31, "l1x": -1, "l1y": -1, "loot_multiply_ver": 2 },
  { "data": 8000000, "x": 41, "y": 42, "l1x": -1, "l1y": -1, "loot_multiply_ver": 2 },
  { "data": 8000000, "x": 41, "y": 14, "l1x": -1, "l1y": -1, "loot_multiply_ver": 2 },
  { "data": 8000000, "x": 37, "y": 41, "l1x": -1, "l1y": -1, "loot_multiply_ver": 2 },
  { "data": 8000000, "x": 31, "y": 1, "l1x": -1, "l1y": -1, "loot_multiply_ver": 2 },
  { "data": 8000000, "x": 4, "y": 36, "l1x": -1, "l1y": -1, "loot_multiply_ver": 2 },
  { "data": 8000030, "x": 41, "y": 38, "l1x": -1, "l1y": -1, "loot_multiply_ver": 1 },
  { "data": 8000013, "x": 0, "y": 40, "l1x": -1, "l1y": -1, "loot_multiply_ver": 2 },
  { "data": 8000005, "x": 1, "y": 10, "l1x": -1, "l1y": -1, "loot_multiply_ver": 2 },
  { "data": 8000000, "x": 2, "y": 30, "l1x": -1, "l1y": -1, "loot_multiply_ver": 2 },
  { "data": 8000000, "x": 15, "y": 41, "l1x": -1, "l1y": -1, "loot_multiply_ver": 2 },
  { "data": 8000010, "x": 33, "y": 42, "l1x": -1, "l1y": -1, "loot_multiply_ver": 2 },
  { "data": 8000005, "x": 15, "y": 0, "l1x": -1, "l1y": -1, "loot_multiply_ver": 2 },
  { "data": 8000004, "x": 7, "y": 3, "l1x": -1, "l1y": -1, "loot_multiply_ver": 2 },
  { "data": 8000000, "x": 24, "y": 42, "l1x": -1, "l1y": -1, "loot_multiply_ver": 2 }
  ],
  "traps": [
  { "data": 12000000, "lvl": 5, "x": 26, "y": 20, "l1x": 26, "l1y": 20 },
  { "data": 12000000, "lvl": 5, "x": 28, "y": 20, "l1x": 28, "l1y": 20 },
  { "data": 12000000, "lvl": 5, "x": 27, "y": 20, "l1x": 27, "l1y": 20 },
  { "data": 12000000, "lvl": 5, "x": 20, "y": 28, "l1x": 20, "l1y": 28 },
  { "data": 12000000, "lvl": 5, "x": 20, "y": 26, "l1x": 20, "l1y": 26 },
  { "data": 12000000, "lvl": 5, "x": 20, "y": 27, "l1x": 20, "l1y": 27 },
  { "data": 12000002, "lvl": 3, "x": 24, "y": 26, "l1x": 24, "l1y": 27 },
  { "data": 12000002, "lvl": 3, "x": 32, "y": 26, "l1x": 32, "l1y": 26 },
  { "data": 12000002, "lvl": 3, "x": 26, "y": 32, "l1x": 26, "l1y": 32 },
  { "data": 12000001, "lvl": 0, "x": 23, "y": 13, "l1x": 7, "l1y": 30 },
  { "data": 12000001, "lvl": 0, "x": 19, "y": 13, "l1x": 19, "l1y": 13 },
  { "data": 12000001, "lvl": 0, "x": 24, "y": 7, "l1x": 13, "l1y": 8 },
  { "data": 12000006, "lvl": 2, "x": 22, "y": 13, "l1x": 22, "l1y": 13 },
  { "data": 12000006, "lvl": 2, "x": 13, "y": 19, "l1x": 13, "l1y": 19 },
  { "data": 12000005, "lvl": 3, "x": 23, "y": 21, "l1x": 23, "l1y": 21 },
  { "data": 12000001, "lvl": 0, "x": 16, "y": 8, "l1x": 16, "l1y": 8 },
  { "data": 12000001, "lvl": 0, "x": 22, "y": 7, "l1x": 7, "l1y": 18 },
  { "data": 12000005, "lvl": 3, "x": 26, "y": 18, "l1x": 26, "l1y": 18 },
  { "data": 12000001, "lvl": 0, "x": 27, "y": 18, "l1x": 8, "l1y": 16 },
  { "data": 12000006, "lvl": 2, "x": 18, "y": 26, "l1x": 16, "l1y": 27 },
  { "data": 12000006, "lvl": 2, "x": 20, "y": 13, "l1x": 20, "l1y": 13 },
  { "data": 12000005, "lvl": 3, "x": 24, "y": 13, "l1x": 24, "l1y": 13 },
  { "data": 12000005, "lvl": 3, "x": 18, "y": 27, "l1x": 16, "l1y": 26 },
  { "data": 12000005, "lvl": 3, "x": 21, "y": 22, "l1x": 21, "l1y": 22 },
  { "data": 12000006, "lvl": 2, "x": 13, "y": 20, "l1x": 13, "l1y": 20 },
  { "data": 12000002, "lvl": 3, "x": 29, "y": 29, "l1x": 29, "l1y": 29 },
  { "data": 12000002, "lvl": 3, "x": 26, "y": 24, "l1x": 27, "l1y": 24 }
  ],
  "decos": [
  { "data": 18000001, "x": 32, "y": 4, "l1x": 32, "l1y": 4 },
  { "data": 18000010, "x": 36, "y": 5, "l1x": 36, "l1y": 5 },
  { "data": 18000000, "x": 34, "y": 2, "l1x": 34, "l1y": 2 }, { "data": 18000033, "x": 4, "y": 5, "l1x": 4, "l1y": 5 },
  { "data": 18000004, "x": 34, "y": 4, "l1x": 34, "l1y": 4 },
  { "data": 18000003, "x": 37, "y": 3, "l1x": 37, "l1y": 3 }, { "data": 18000026, "x": 4, "y": 3, "l1x": 4, "l1y": 3 },
  { "data": 18000021, "x": 2, "y": 5, "l1x": 2, "l1y": 5 }, { "data": 18000017, "x": 2, "y": 7, "l1x": 2, "l1y": 7 },
  { "data": 18000016, "x": 2, "y": 3, "l1x": 2, "l1y": 3 }
  ],
  "respawnVars": {
    "secondsFromLastRespawn": 14456,
    "respawnSeed": -1481330649,
    "obstacleClearCounter": 0,
    "time_to_gembox_drop": 222200,
    "time_in_gembox_period": 18000
  },
  "cooldowns": [{ "cooldown": 7701767, "target": 20000001 }, { "cooldown": 6442797, "target": 20000000 }],
  "newShopBuildings": [4, 0, 7, 4, 7, 4, 4, 1, 6, 7, 250, 4, 4, 3, 1, 5, 0, 0, 0, 4, 1, 3, 1, 3, 1, 1, 2, 2],
  "newShopTraps": [6, 6, 5, 0, 0, 5, 5, 0],
  "newShopDecos": [
    1, 4, 0, 1, 1, 4, 4, 1, 1, 1, 1, 1, 1, 1, 1, 1, 1, 1, 1, 1, 1, 1, 1, 1, 1, 1, 1, 1, 1, 1, 1, 1, 1, 1, 1, 1, 1
  ],
  "last_league_rank": 16,
  "last_league_shuffle": 1,
  "last_news_seen": 81,
  "edit_mode_shown": true,
  "troop_req_msg": "1..3..",
  "war_req_msg": "1..1......",
  "war_tutorials_seen": 0,
  "war_base": true
}
