{"active_layout":0,"layout_state":[0,0,0,0,0,0],"buildings":[{"data":1000001,"lvl":0,"x":22,"y":16},{"data":1000009,"lvl":0,"x":23,"y":21},{"data":1000010,"lvl":0,"x":26,"y":23},{"data":1000010,"lvl":0,"x":26,"y":22},{"data":1000010,"lvl":0,"x":26,"y":21},{"data":1000010,"lvl":0,"x":26,"y":20},{"data":1000010,"lvl":0,"x":26,"y":19},{"data":1000010,"lvl":0,"x":26,"y":18},{"data":1000010,"lvl":0,"x":26,"y":17},{"data":1000010,"lvl":0,"x":26,"y":16},{"data":1000010,"lvl":0,"x":26,"y":15},{"data":1000010,"lvl":0,"x":25,"y":15},{"data":1000010,"lvl":0,"x":26,"y":24},{"data":1000010,"lvl":0,"x":25,"y":24},{"data":1000010,"lvl":0,"x":24,"y":24},{"data":1000010,"lvl":0,"x":24,"y":15},{"data":1000018,"lvl":0,"x":19,"y":19,"units":[[4000006,5]],"storage_type":0}],"obstacles":[{"data":8000000,"x":17,"y":14,"loot_multiply_ver":1},{"data":8000000,"x":12,"y":27,"loot_multiply_ver":1},{"data":8000000,"x":26,"y":30,"loot_multiply_ver":1},{"data":8000000,"x":29,"y":19,"loot_multiply_ver":1},{"data":8000020,"x":9,"y":15,"loot_multiply_ver":1},{"data":8000020,"x":31,"y":25,"loot_multiply_ver":1},{"data":8000019,"x":26,"y":10,"loot_multiply_ver":1},{"data":8000019,"x":20,"y":34,"loot_multiply_ver":1},{"data":8000018,"x":28,"y":13,"loot_multiply_ver":1},{"data":8000018,"x":17,"y":30,"loot_multiply_ver":1}],"traps":[],"decos":[{"data":18000001,"x":21,"y":25},{"data":18000001,"x":21,"y":13},{"data":18000007,"x":17,"y":23}],"respawnVars":{"secondsFromLastRespawn":4105,"respawnSeed":-2089063841,"obstacleClearCounter":0,"time_to_gembox_drop":273095,"time_in_gembox_period":244295},"cooldowns":[],"newShopBuildings":[1,0,1,1,1,1,1,0,2,0,0,0,0,0,1,5,0,0,0,0,0,0,0,0,0,0,0,0,0],"newShopTraps":[0,0,0,0,0,0,0,0,0],"newShopDecos":[1,4,0,0,1,0,0,0,0,0,0,0,0,0,0,0,0,0,0,0,0,0,0,0,0,0,0,0,0,0,0,0,0,0,0,0,0],"last_league_rank":0,"last_alliance_level":1,"last_league_shuffle":0,"last_news_seen":13,"edit_mode_shown":false,"war_tutorials_seen":0,"war_base":false,"help_opened":false,"bool_layout_edit_shown_erase":false}