{"active_layout":0,"layout_state":[0,0,0,0,0,0],"buildings":[{"data":1000001,"lvl":0,"x":25,"y":15},{"data":1000008,"lvl":0,"x":18,"y":19}],"obstacles":[{"data":8000000,"x":14,"y":21,"loot_multiply_ver":1},{"data":8000019,"x":15,"y":12,"loot_multiply_ver":1},{"data":8000020,"x":28,"y":30,"loot_multiply_ver":1},{"data":8000019,"x":33,"y":14,"loot_multiply_ver":1},{"data":8000016,"x":18,"y":8,"loot_multiply_ver":1},{"data":8000016,"x":29,"y":11,"loot_multiply_ver":1},{"data":8000017,"x":20,"y":14,"loot_multiply_ver":1},{"data":8000017,"x":27,"y":25,"loot_multiply_ver":1},{"data":8000020,"x":12,"y":27,"loot_multiply_ver":1},{"data":8000018,"x":21,"y":32,"loot_multiply_ver":1},{"data":8000000,"x":25,"y":10,"loot_multiply_ver":1},{"data":8000000,"x":32,"y":19,"loot_multiply_ver":1}],"traps":[],"decos":[{"data":18000001,"x":28,"y":20},{"data":18000001,"x":24,"y":20}],"respawnVars":{"secondsFromLastRespawn":23026,"respawnSeed":-1726180663,"obstacleClearCounter":0,"time_to_gembox_drop":542174,"time_in_gembox_period":59774},"cooldowns":[],"newShopBuildings":[1,0,1,1,1,1,1,0,2,0,0,0,0,0,1,5,0,0,0,0,0,0,0,0,0,0,0,0,0],"newShopTraps":[0,0,0,0,0,0,0,0,0],"newShopDecos":[1,4,0,0,1,0,0,0,0,0,0,0,0,0,0,0,0,0,0,0,0,0,0,0,0,0,0,0,0,0,0,0,0,0,0,0,0],"last_league_rank":0,"last_alliance_level":1,"last_league_shuffle":0,"last_news_seen":13,"edit_mode_shown":false,"war_tutorials_seen":0,"war_base":false,"help_opened":false,"bool_layout_edit_shown_erase":false}