{"exp_ver":1,"android_client":true,"active_layout":0,"layout_state":[0,0,0,0,0,0],"layout_cooldown":[0,0,0,0,0,0],"buildings":[{"data":1000001,"lvl":10,"x":23,"y":23},{"data":1000004,"lvl":11,"x":30,"y":38,"production":{"t_lastClick":"2016-05-26T15:52:15"},"res_time":184192},{"data":1000000,"lvl":7,"x":8,"y":34,"units":[],"storage_type":0},{"data":1000015,"lvl":0,"x":39,"y":10},{"data":1000014,"lvl":5,"x":28,"y":28},{"data":1000008,"lvl":13,"x":16,"y":35,"ammo":0},{"data":1000015,"lvl":0,"x":28,"y":38},{"data":1000002,"lvl":11,"x":35,"y":38,"production":{"t_lastClick":"2016-05-26T15:52:15"},"res_time":184192},{"data":1000003,"lvl":11,"x":22,"y":13},{"data":1000005,"lvl":11,"x":16,"y":13},{"data":1000006,"lvl":11,"x":14,"y":32,"unit_prod":{"unit_type":0,"t":551}},{"data":1000002,"lvl":11,"x":38,"y":35,"production":{"t_lastClick":"2016-05-26T15:52:15"},"res_time":184192},{"data":1000004,"lvl":11,"x":38,"y":38,"production":{"t_lastClick":"2016-05-26T15:52:15"},"res_time":184192},{"data":1000008,"lvl":13,"x":30,"y":35,"ammo":0},{"data":1000010,"lvl":10,"x":8,"y":23},{"data":1000010,"lvl":10,"x":11,"y":21},{"data":1000010,"lvl":10,"x":8,"y":40},{"data":1000010,"lvl":10,"x":7,"y":7},{"data":1000010,"lvl":10,"x":40,"y":8},{"data":1000010,"lvl":10,"x":41,"y":37},{"data":1000010,"lvl":10,"x":41,"y":38},{"data":1000010,"lvl":10,"x":41,"y":39},{"data":1000010,"lvl":10,"x":41,"y":40},{"data":1000010,"lvl":10,"x":41,"y":41},{"data":1000010,"lvl":10,"x":40,"y":41},{"data":1000010,"lvl":10,"x":39,"y":41},{"data":1000010,"lvl":10,"x":38,"y":41},{"data":1000010,"lvl":10,"x":37,"y":41},{"data":1000010,"lvl":10,"x":36,"y":41},{"data":1000010,"lvl":10,"x":35,"y":41},{"data":1000010,"lvl":10,"x":34,"y":41},{"data":1000010,"lvl":10,"x":33,"y":41},{"data":1000010,"lvl":10,"x":32,"y":41},{"data":1000010,"lvl":10,"x":31,"y":41},{"data":1000010,"lvl":10,"x":30,"y":41},{"data":1000010,"lvl":10,"x":29,"y":41},{"data":1000010,"lvl":10,"x":28,"y":41},{"data":1000010,"lvl":10,"x":27,"y":41},{"data":1000010,"lvl":10,"x":26,"y":41},{"data":1000010,"lvl":10,"x":25,"y":41},{"data":1000010,"lvl":10,"x":24,"y":41},{"data":1000010,"lvl":10,"x":23,"y":41},{"data":1000010,"lvl":10,"x":22,"y":41},{"data":1000010,"lvl":10,"x":21,"y":41},{"data":1000010,"lvl":10,"x":20,"y":41},{"data":1000010,"lvl":10,"x":19,"y":41},{"data":1000010,"lvl":10,"x":18,"y":41},{"data":1000004,"lvl":11,"x":22,"y":38,"production":{"t_lastClick":"2016-05-26T15:52:15"},"res_time":184192},{"data":1000002,"lvl":11,"x":19,"y":38,"production":{"t_lastClick":"2016-05-26T15:52:15"},"res_time":184192},{"data":1000003,"lvl":11,"x":13,"y":22},{"data":1000005,"lvl":11,"x":13,"y":16},{"data":1000010,"lvl":10,"x":17,"y":41},{"data":1000010,"lvl":10,"x":16,"y":41},{"data":1000010,"lvl":10,"x":15,"y":41},{"data":1000010,"lvl":10,"x":14,"y":41},{"data":1000010,"lvl":10,"x":13,"y":41},{"data":1000010,"lvl":10,"x":12,"y":41},{"data":1000010,"lvl":10,"x":11,"y":41},{"data":1000010,"lvl":10,"x":10,"y":41},{"data":1000010,"lvl":10,"x":9,"y":41},{"data":1000010,"lvl":10,"x":8,"y":41},{"data":1000010,"lvl":10,"x":7,"y":41},{"data":1000010,"lvl":10,"x":7,"y":40},{"data":1000010,"lvl":10,"x":7,"y":39},{"data":1000010,"lvl":10,"x":7,"y":38},{"data":1000010,"lvl":10,"x":7,"y":37},{"data":1000010,"lvl":10,"x":7,"y":36},{"data":1000010,"lvl":10,"x":7,"y":35},{"data":1000009,"lvl":12,"x":13,"y":35,"ammo":0},{"data":1000013,"lvl":8,"x":27,"y":35,"ammo":0},{"data":1000007,"lvl":8,"x":18,"y":8},{"data":1000006,"lvl":11,"x":13,"y":38,"unit_prod":{"unit_type":0,"t":322}},{"data":1000000,"lvl":7,"x":9,"y":29,"units":[],"storage_type":0},{"data":1000010,"lvl":10,"x":7,"y":34},{"data":1000010,"lvl":10,"x":7,"y":33},{"data":1000010,"lvl":10,"x":7,"y":32},{"data":1000010,"lvl":10,"x":7,"y":31},{"data":1000010,"lvl":10,"x":7,"y":30},{"data":1000010,"lvl":10,"x":7,"y":29},{"data":1000010,"lvl":10,"x":7,"y":28},{"data":1000010,"lvl":10,"x":11,"y":22},{"data":1000010,"lvl":10,"x":10,"y":22},{"data":1000010,"lvl":10,"x":9,"y":22},{"data":1000010,"lvl":10,"x":8,"y":22},{"data":1000010,"lvl":10,"x":7,"y":22},{"data":1000010,"lvl":10,"x":7,"y":27},{"data":1000010,"lvl":10,"x":7,"y":26},{"data":1000010,"lvl":10,"x":7,"y":25},{"data":1000010,"lvl":10,"x":7,"y":24},{"data":1000010,"lvl":10,"x":7,"y":23},{"data":1000010,"lvl":10,"x":6,"y":22},{"data":1000010,"lvl":10,"x":6,"y":21},{"data":1000010,"lvl":10,"x":6,"y":20},{"data":1000010,"lvl":10,"x":6,"y":19},{"data":1000010,"lvl":10,"x":6,"y":18},{"data":1000010,"lvl":10,"x":6,"y":17},{"data":1000010,"lvl":10,"x":6,"y":16},{"data":1000010,"lvl":10,"x":6,"y":15},{"data":1000012,"lvl":7,"x":24,"y":35,"ammo":0},{"data":1000009,"lvl":12,"x":35,"y":35,"ammo":0},{"data":1000002,"lvl":11,"x":8,"y":26,"production":{"t_lastClick":"2016-05-26T15:52:15"},"res_time":184192},{"data":1000004,"lvl":11,"x":9,"y":23,"production":{"t_lastClick":"2016-05-26T15:52:15"},"res_time":184192},{"data":1000006,"lvl":11,"x":38,"y":14,"unit_prod":{"unit_type":0}},{"data":1000015,"lvl":0,"x":11,"y":39},{"data":1000000,"lvl":7,"x":34,"y":9,"units":[],"storage_type":0},{"data":1000008,"lvl":13,"x":11,"y":26,"ammo":0},{"data":1000010,"lvl":10,"x":6,"y":14},{"data":1000010,"lvl":10,"x":6,"y":13},{"data":1000010,"lvl":10,"x":6,"y":12},{"data":1000010,"lvl":10,"x":6,"y":11},{"data":1000010,"lvl":10,"x":6,"y":10},{"data":1000010,"lvl":10,"x":6,"y":9},{"data":1000010,"lvl":10,"x":6,"y":8},{"data":1000010,"lvl":10,"x":6,"y":7},{"data":1000010,"lvl":10,"x":6,"y":6},{"data":1000010,"lvl":10,"x":7,"y":6},{"data":1000010,"lvl":10,"x":8,"y":6},{"data":1000010,"lvl":10,"x":9,"y":6},{"data":1000010,"lvl":10,"x":10,"y":6},{"data":1000010,"lvl":10,"x":11,"y":6},{"data":1000010,"lvl":10,"x":22,"y":7},{"data":1000010,"lvl":10,"x":41,"y":36},{"data":1000010,"lvl":10,"x":41,"y":35},{"data":1000010,"lvl":10,"x":41,"y":34},{"data":1000010,"lvl":10,"x":41,"y":33},{"data":1000010,"lvl":10,"x":41,"y":32},{"data":1000010,"lvl":10,"x":41,"y":31},{"data":1000010,"lvl":10,"x":41,"y":30},{"data":1000010,"lvl":10,"x":41,"y":29},{"data":1000010,"lvl":10,"x":41,"y":28},{"data":1000010,"lvl":10,"x":41,"y":27},{"data":1000002,"lvl":11,"x":12,"y":9,"production":{"t_lastClick":"2016-05-26T15:52:15"},"res_time":184192},{"data":1000004,"lvl":11,"x":9,"y":18,"production":{"t_lastClick":"2016-05-26T15:52:15"},"res_time":184192},{"data":1000009,"lvl":12,"x":9,"y":9,"ammo":0},{"data":1000011,"lvl":8,"x":14,"y":29,"ammo":0},{"data":1000020,"lvl":4,"x":25,"y":38,"units":[[26000002,2],[26000005,2],[26000003,1]],"storage_type":0,"unit_prod":{"unit_type":1,"t":0}},{"data":1000002,"lvl":11,"x":35,"y":17,"production":{"t_lastClick":"2016-05-26T15:52:15"},"res_time":184192},{"data":1000004,"lvl":11,"x":9,"y":12,"production":{"t_lastClick":"2016-05-26T15:52:15"},"res_time":184192},{"data":1000015,"lvl":0,"x":39,"y":12},{"data":1000010,"lvl":10,"x":41,"y":26},{"data":1000010,"lvl":10,"x":41,"y":25},{"data":1000010,"lvl":10,"x":41,"y":24},{"data":1000010,"lvl":10,"x":41,"y":23},{"data":1000010,"lvl":10,"x":41,"y":22},{"data":1000010,"lvl":10,"x":41,"y":21},{"data":1000010,"lvl":10,"x":41,"y":20},{"data":1000010,"lvl":10,"x":41,"y":19},{"data":1000010,"lvl":10,"x":41,"y":18},{"data":1000010,"lvl":10,"x":41,"y":17},{"data":1000010,"lvl":10,"x":41,"y":16},{"data":1000010,"lvl":10,"x":41,"y":15},{"data":1000010,"lvl":10,"x":41,"y":14},{"data":1000010,"lvl":10,"x":41,"y":13},{"data":1000010,"lvl":10,"x":41,"y":12},{"data":1000010,"lvl":10,"x":41,"y":11},{"data":1000010,"lvl":10,"x":41,"y":10},{"data":1000010,"lvl":10,"x":41,"y":9},{"data":1000010,"lvl":10,"x":41,"y":8},{"data":1000010,"lvl":10,"x":41,"y":7},{"data":1000010,"lvl":10,"x":40,"y":7},{"data":1000010,"lvl":10,"x":39,"y":7},{"data":1000010,"lvl":10,"x":38,"y":7},{"data":1000010,"lvl":10,"x":37,"y":7},{"data":1000010,"lvl":10,"x":36,"y":7},{"data":1000013,"lvl":8,"x":9,"y":15,"ammo":0},{"data":1000011,"lvl":8,"x":29,"y":14,"ammo":0},{"data":1000024,"lvl":5,"x":24,"y":18},{"data":1000000,"lvl":7,"x":29,"y":9,"units":[[4000023,6]],"storage_type":0},{"data":1000006,"lvl":11,"x":38,"y":30,"unit_prod":{"unit_type":0}},{"data":1000026,"lvl":6,"x":16,"y":38,"unit_prod":{"unit_type":0,"t":0}},{"data":1000022,"lvl":0,"x":28,"y":25},{"data":1000019,"lvl":7,"x":19,"y":35,"ammo":0},{"data":1000019,"lvl":7,"x":33,"y":36,"ammo":0},{"data":1000008,"lvl":13,"x":35,"y":31,"ammo":0},{"data":1000008,"lvl":13,"x":35,"y":20,"ammo":0},{"data":1000010,"lvl":10,"x":35,"y":7},{"data":1000010,"lvl":10,"x":34,"y":7},{"data":1000010,"lvl":10,"x":33,"y":7},{"data":1000010,"lvl":10,"x":32,"y":7},{"data":1000010,"lvl":10,"x":31,"y":7},{"data":1000010,"lvl":10,"x":30,"y":7},{"data":1000010,"lvl":10,"x":29,"y":7},{"data":1000010,"lvl":10,"x":28,"y":7},{"data":1000010,"lvl":10,"x":27,"y":7},{"data":1000010,"lvl":10,"x":26,"y":7},{"data":1000010,"lvl":10,"x":25,"y":7},{"data":1000010,"lvl":10,"x":24,"y":7},{"data":1000010,"lvl":10,"x":23,"y":7},{"data":1000010,"lvl":10,"x":12,"y":6},{"data":1000010,"lvl":10,"x":13,"y":6},{"data":1000010,"lvl":10,"x":14,"y":6},{"data":1000010,"lvl":10,"x":15,"y":6},{"data":1000010,"lvl":10,"x":16,"y":6},{"data":1000010,"lvl":10,"x":17,"y":6},{"data":1000010,"lvl":10,"x":18,"y":6},{"data":1000010,"lvl":10,"x":19,"y":6},{"data":1000010,"lvl":10,"x":20,"y":6},{"data":1000010,"lvl":10,"x":21,"y":6},{"data":1000010,"lvl":10,"x":22,"y":6},{"data":1000010,"lvl":10,"x":22,"y":8},{"data":1000010,"lvl":10,"x":22,"y":9},{"data":1000010,"lvl":10,"x":22,"y":10},{"data":1000010,"lvl":10,"x":22,"y":11},{"data":1000010,"lvl":10,"x":25,"y":16},{"data":1000010,"lvl":10,"x":25,"y":15},{"data":1000010,"lvl":10,"x":25,"y":14},{"data":1000010,"lvl":10,"x":25,"y":13},{"data":1000010,"lvl":10,"x":25,"y":12},{"data":1000010,"lvl":10,"x":24,"y":12},{"data":1000010,"lvl":10,"x":23,"y":12},{"data":1000010,"lvl":10,"x":22,"y":12},{"data":1000010,"lvl":10,"x":21,"y":12},{"data":1000010,"lvl":10,"x":20,"y":12},{"data":1000010,"lvl":10,"x":19,"y":12},{"data":1000010,"lvl":10,"x":18,"y":12},{"data":1000010,"lvl":10,"x":17,"y":12},{"data":1000010,"lvl":10,"x":16,"y":12},{"data":1000010,"lvl":10,"x":15,"y":12},{"data":1000010,"lvl":10,"x":14,"y":12},{"data":1000010,"lvl":10,"x":13,"y":12},{"data":1000010,"lvl":10,"x":12,"y":12},{"data":1000010,"lvl":10,"x":12,"y":13},{"data":1000010,"lvl":10,"x":12,"y":14},{"data":1000010,"lvl":10,"x":12,"y":15},{"data":1000010,"lvl":10,"x":12,"y":16},{"data":1000009,"lvl":12,"x":32,"y":14,"ammo":0},{"data":1000013,"lvl":8,"x":15,"y":9,"ammo":0},{"data":1000012,"lvl":7,"x":14,"y":26,"ammo":0},{"data":1000015,"lvl":0,"x":38,"y":28},{"data":1000003,"lvl":11,"x":21,"y":28},{"data":1000005,"lvl":11,"x":31,"y":22},{"data":1000010,"lvl":10,"x":12,"y":17},{"data":1000010,"lvl":10,"x":12,"y":18},{"data":1000010,"lvl":10,"x":12,"y":19},{"data":1000010,"lvl":10,"x":12,"y":20},{"data":1000010,"lvl":10,"x":12,"y":21},{"data":1000010,"lvl":10,"x":12,"y":22},{"data":1000010,"lvl":10,"x":12,"y":23},{"data":1000010,"lvl":10,"x":12,"y":24},{"data":1000010,"lvl":10,"x":12,"y":25},{"data":1000010,"lvl":10,"x":13,"y":25},{"data":1000010,"lvl":10,"x":14,"y":25},{"data":1000010,"lvl":10,"x":15,"y":25},{"data":1000010,"lvl":10,"x":16,"y":25},{"data":1000010,"lvl":10,"x":28,"y":17},{"data":1000010,"lvl":10,"x":29,"y":17},{"data":1000010,"lvl":10,"x":30,"y":17},{"data":1000010,"lvl":10,"x":31,"y":17},{"data":1000010,"lvl":10,"x":32,"y":17},{"data":1000010,"lvl":10,"x":33,"y":17},{"data":1000010,"lvl":10,"x":34,"y":17},{"data":1000010,"lvl":10,"x":34,"y":18},{"data":1000010,"lvl":10,"x":34,"y":19},{"data":1000010,"lvl":10,"x":34,"y":20},{"data":1000010,"lvl":10,"x":34,"y":21},{"data":1000010,"lvl":10,"x":34,"y":22},{"data":1000010,"lvl":10,"x":34,"y":23},{"data":1000010,"lvl":10,"x":34,"y":24},{"data":1000010,"lvl":10,"x":34,"y":25},{"data":1000010,"lvl":10,"x":34,"y":26},{"data":1000010,"lvl":10,"x":34,"y":27},{"data":1000010,"lvl":10,"x":34,"y":28},{"data":1000010,"lvl":10,"x":34,"y":29},{"data":1000010,"lvl":10,"x":34,"y":30},{"data":1000010,"lvl":10,"x":34,"y":31},{"data":1000010,"lvl":10,"x":34,"y":32},{"data":1000010,"lvl":10,"x":34,"y":33},{"data":1000010,"lvl":10,"x":34,"y":34},{"data":1000010,"lvl":10,"x":33,"y":34},{"data":1000010,"lvl":10,"x":32,"y":34},{"data":1000010,"lvl":10,"x":31,"y":34},{"data":1000010,"lvl":10,"x":30,"y":34},{"data":1000010,"lvl":10,"x":29,"y":34},{"data":1000010,"lvl":10,"x":28,"y":34},{"data":1000010,"lvl":10,"x":27,"y":34},{"data":1000010,"lvl":10,"x":26,"y":34},{"data":1000010,"lvl":10,"x":25,"y":34},{"data":1000010,"lvl":10,"x":24,"y":34},{"data":1000010,"lvl":10,"x":23,"y":34},{"data":1000010,"lvl":10,"x":22,"y":34},{"data":1000010,"lvl":10,"x":21,"y":34},{"data":1000009,"lvl":12,"x":13,"y":19,"ammo":0},{"data":1000011,"lvl":8,"x":31,"y":19,"ammo":0},{"data":1000012,"lvl":7,"x":35,"y":23,"ammo":0},{"data":1000026,"lvl":6,"x":38,"y":17,"unit_prod":{"unit_type":0,"t":0}},{"data":1000019,"lvl":7,"x":23,"y":21,"ammo":0},{"data":1000023,"lvl":5,"x":38,"y":25,"production":{"t_lastClick":"2016-05-26T15:52:15"},"res_time":43277},{"data":1000013,"lvl":8,"x":35,"y":26,"ammo":0},{"data":1000023,"lvl":5,"x":31,"y":28,"production":{"t_lastClick":"2016-05-26T15:52:15"},"res_time":43277},{"data":1000025,"lvl":0,"x":25,"y":28},{"data":1000003,"lvl":11,"x":28,"y":21},{"data":1000005,"lvl":11,"x":22,"y":31},{"data":1000010,"lvl":10,"x":20,"y":34},{"data":1000010,"lvl":10,"x":19,"y":34},{"data":1000010,"lvl":10,"x":18,"y":34},{"data":1000010,"lvl":10,"x":17,"y":34},{"data":1000010,"lvl":10,"x":17,"y":33},{"data":1000010,"lvl":10,"x":17,"y":32},{"data":1000010,"lvl":10,"x":17,"y":31},{"data":1000010,"lvl":10,"x":17,"y":30},{"data":1000010,"lvl":10,"x":17,"y":29},{"data":1000010,"lvl":10,"x":17,"y":28},{"data":1000010,"lvl":10,"x":25,"y":27},{"data":1000010,"lvl":10,"x":26,"y":27},{"data":1000010,"lvl":10,"x":27,"y":27},{"data":1000010,"lvl":10,"x":27,"y":26},{"data":1000010,"lvl":10,"x":27,"y":25},{"data":1000010,"lvl":10,"x":27,"y":24},{"data":1000010,"lvl":10,"x":27,"y":23},{"data":1000010,"lvl":10,"x":27,"y":22},{"data":1000010,"lvl":10,"x":27,"y":21},{"data":1000010,"lvl":10,"x":27,"y":20},{"data":1000010,"lvl":10,"x":27,"y":19},{"data":1000010,"lvl":10,"x":27,"y":18},{"data":1000010,"lvl":10,"x":27,"y":17},{"data":1000010,"lvl":10,"x":26,"y":17},{"data":1000010,"lvl":10,"x":25,"y":17},{"data":1000009,"lvl":12,"x":19,"y":13,"ammo":0},{"data":1000021,"lvl":3,"x":31,"y":31,"ammo":1500},{"data":1000021,"lvl":3,"x":21,"y":35,"ammo":1500},{"data":1000011,"lvl":8,"x":19,"y":31,"ammo":0},{"data":1000012,"lvl":7,"x":26,"y":14,"ammo":0},{"data":1000019,"lvl":7,"x":21,"y":23,"ammo":0},{"data":1000028,"lvl":5,"x":20,"y":16,"ammo":0},{"data":1000002,"lvl":11,"x":26,"y":8,"production":{"t_lastClick":"2016-05-26T15:52:15"},"res_time":184192},{"data":1000004,"lvl":11,"x":23,"y":9,"production":{"t_lastClick":"2016-05-26T15:52:15"},"res_time":184192},{"data":1000023,"lvl":5,"x":28,"y":31,"production":{"t_lastClick":"2016-05-26T15:52:15"},"res_time":43277},{"data":1000027,"lvl":3,"x":25,"y":21,"ammo":1000},{"data":1000027,"lvl":3,"x":21,"y":25,"ammo":1000},{"data":1000008,"lvl":13,"x":35,"y":14,"ammo":0},{"data":1000009,"lvl":12,"x":25,"y":31,"ammo":0},{"data":1000021,"lvl":3,"x":28,"y":18,"ammo":1500},{"data":1000029,"lvl":3,"x":38,"y":22,"units":[[26000009,1]],"storage_type":0,"unit_prod":{"unit_type":1}},{"data":1000028,"lvl":5,"x":16,"y":20,"ammo":0},{"data":1000010,"lvl":10,"x":24,"y":17},{"data":1000010,"lvl":10,"x":23,"y":17},{"data":1000010,"lvl":10,"x":23,"y":18},{"data":1000010,"lvl":10,"x":22,"y":18},{"data":1000010,"lvl":10,"x":21,"y":18},{"data":1000010,"lvl":10,"x":20,"y":18},{"data":1000010,"lvl":10,"x":20,"y":19},{"data":1000010,"lvl":10,"x":20,"y":20},{"data":1000010,"lvl":10,"x":19,"y":20},{"data":1000010,"lvl":10,"x":18,"y":20},{"data":1000010,"lvl":10,"x":18,"y":21},{"data":1000010,"lvl":10,"x":18,"y":22},{"data":1000010,"lvl":10,"x":18,"y":23},{"data":1000010,"lvl":10,"x":17,"y":23},{"data":1000010,"lvl":10,"x":17,"y":26},{"data":1000010,"lvl":10,"x":17,"y":25},{"data":1000010,"lvl":10,"x":17,"y":24},{"data":1000010,"lvl":10,"x":17,"y":27},{"data":1000010,"lvl":10,"x":18,"y":27},{"data":1000010,"lvl":10,"x":19,"y":27},{"data":1000010,"lvl":10,"x":20,"y":27},{"data":1000010,"lvl":10,"x":21,"y":27},{"data":1000010,"lvl":10,"x":22,"y":27},{"data":1000010,"lvl":10,"x":23,"y":27},{"data":1000010,"lvl":10,"x":24,"y":27},{"data":1000030,"lvl":0,"x":18,"y":24,"ammo":0},{"data":1000011,"lvl":8,"x":9,"y":9,"ammo":0},{"data":1000009,"lvl":12,"x":31,"y":25,"ammo":0},{"data":1000008,"lvl":13,"x":26,"y":11,"ammo":0},{"data":1000021,"lvl":3,"x":18,"y":28,"ammo":1500},{"data":1000031,"lvl":1,"x":16,"y":16,"ammo":30}],"traps":[{"data":12000000,"lvl":5,"x":32,"y":18},{"data":12000000,"lvl":5,"x":18,"y":33},{"data":12000001,"lvl":4,"x":22,"y":16},{"data":12000001,"lvl":4,"x":33,"y":35},{"data":12000005,"lvl":3,"x":40,"y":21},{"data":12000005,"lvl":3,"x":28,"y":24},{"data":12000000,"lvl":5,"x":19,"y":23},{"data":12000000,"lvl":5,"x":29,"y":40},{"data":12000001,"lvl":4,"x":35,"y":29},{"data":12000001,"lvl":4,"x":18,"y":31},{"data":12000002,"lvl":3,"x":38,"y":20},{"data":12000002,"lvl":3,"x":21,"y":19},{"data":12000000,"lvl":5,"x":40,"y":34},{"data":12000000,"lvl":5,"x":23,"y":19},{"data":12000006,"lvl":2,"x":19,"y":37},{"data":12000005,"lvl":3,"x":16,"y":24},{"data":12000005,"lvl":3,"x":23,"y":20},{"data":12000001,"lvl":4,"x":21,"y":22},{"data":12000001,"lvl":4,"x":22,"y":21},{"data":12000002,"lvl":3,"x":19,"y":21},{"data":12000008,"lvl":2,"x":21,"y":21},{"data":12000008,"lvl":2,"x":29,"y":24},{"data":12000006,"lvl":2,"x":24,"y":28},{"data":12000002,"lvl":3,"x":38,"y":33},{"data":12000006,"lvl":2,"x":22,"y":17},{"data":12000006,"lvl":2,"x":16,"y":22},{"data":12000005,"lvl":3,"x":23,"y":16},{"data":12000002,"lvl":3,"x":33,"y":39},{"data":12000006,"lvl":2,"x":20,"y":23},{"data":12000008,"lvl":2,"x":24,"y":29}],"decos":[{"data":18000006,"x":38,"y":42},{"data":18000005,"x":42,"y":40},{"data":18000005,"x":42,"y":42},{"data":18000006,"x":36,"y":42},{"data":18000006,"x":42,"y":38},{"data":18000005,"x":40,"y":42},{"data":18000006,"x":42,"y":36},{"data":18000001,"x":44,"y":42},{"data":18000001,"x":42,"y":44},{"data":18000017,"x":44,"y":44}],"cooldowns":[],"newShopBuildings":[4,0,7,4,7,4,4,1,7,8,275,5,4,4,1,5,0,0,0,4,1,4,1,3,1,1,2,2,2,1,1,1],"newShopTraps":[6,6,5,0,0,5,5,0,3],"newShopDecos":[1,4,1,1,1,1,1,1,1,1,1,1,1,1,1,1,0,0,0,0,0,0,0,0,0,0,0,0,0,0,0,0,0,0,0,0,0],"troop_req_msg":"GobelinLand","war_req_msg":"GobelinLand","last_league_rank":10,"last_alliance_level":1,"last_league_shuffle":1,"last_season_seen":10,"last_news_seen":999,"edit_mode_shown":true,"war_tutorials_seen":1,"war_base":true,"help_opened":true,"bool_layout_edit_shown_erase":false}