{
  "android_client": true,
  "active_layout": 0,
  "layout_state": [
    0,
    0,
    0,
    0,
    0,
    0
  ],
  "buildings": [
    {
      "data": 1000001,
      "lvl": 1,
      "x": 21,
      "y": 20
    },
    {
      "data": 1000004,
      "lvl": 0,
      "x": 20,
      "y": 16,
      "res_time": 8992
    },
    {
      "data": 1000000,
      "lvl": 0,
      "x": 26,
      "y": 19,
      "units": []
    },
    {
      "data": 1000015,
      "lvl": 0,
      "x": 18,
      "y": 20
    },
    {
      "data": 1000014,
      "lvl": 0,
      "locked": true,
      "x": 28,
      "y": 35
    },
    {
      "data": 1000008,
      "lvl": 0,
      "x": 23,
      "y": 24
    },
    {
      "data": 1000015,
      "lvl": 0,
      "x": 21,
      "y": 24
    },
    {
      "data": 1000002,
      "lvl": 0,
      "x": 26,
      "y": 24,
      "res_time": 8882
    },
    {
      "data": 1000003,
      "lvl": 0,
      "x": 23,
      "y": 27
    },
    {
      "data": 1000005,
      "lvl": 0,
      "x": 20,
      "y": 26
    },
    {
      "data": 1000006,
      "lvl": 0,
      "x": 18,
      "y": 23,
      "unit_prod": {
        "unit_type": 0
      }
    }
  ],
  "obstacles": [
  {"data":8000007,"x":6,"y":16},
  {"data":8000007,"x":18,"y":36},
  {"data":8000008,"x":7,"y":9},
  {"data":8000005,"x":35,"y":5},
  {"data":8000006,"x":18,"y":44},
  {"data":8000000,"x":23,"y":4},
  {"data":8000005,"x":43,"y":21},
  {"data":8000007,"x":7,"y":4},
  {"data":8000003,"x":34,"y":12},
  {"data":8000004,"x":24,"y":12},
  {"data":8000008,"x":37,"y":24},
  {"data":8000005,"x":23,"y":42},
  {"data":8000003,"x":32,"y":37},
  {"data":8000005,"x":5,"y":32},
  {"data":8000005,"x":11,"y":13},
  {"data":8000005,"x":4,"y":20},
  {"data":8000002,"x":5,"y":37},
  {"data":8000002,"x":8,"y":24},
  {"data":8000002,"x":10,"y":36},
  {"data":8000008,"x":5,"y":43},
  {"data":8000001,"x":11,"y":5},
  {"data":8000001,"x":16,"y":38},
  {"data":8000001,"x":10,"y":41},
  {"data":8000007,"x":4,"y":12},
  {"data":8000004,"x":12,"y":26},
  {"data":8000004,"x":8,"y":29},
  {"data":8000003,"x":40,"y":25},
  {"data":8000005,"x":37,"y":38},
  {"data":8000005,"x":42,"y":14},
  {"data":8000001,"x":42,"y":5},
  {"data":8000012,"x":27,"y":33},
  {"data":8000012,"x":41,"y":8},
  {"data":8000010,"x":29,"y":41},
  {"data":8000010,"x":17,"y":4},
  {"data":8000013,"x":42,"y":43},
  {"data":8000013,"x":16,"y":12},
  {"data":8000014,"x":13,"y":20},
  {"data":8000014,"x":29,"y":10},
  {"data":8000006,"x":43,"y":30},
  {"data":8000011,"x":26,"y":37},
  {"data":8000011,"x":27,"y":40},
  {"data":8000000,"x":30,"y":38},
  {"data":8000000,"x":28,"y":38},
  {"data":8000000,"x":29,"y":33},
  {"data":8000007,"x":26,"y":35},
  {"data":8000001,"x":31,"y":34},
  {"data":8000014,"x":31,"y":32},
  {"data":8000005,"x":42,"y":35},
  {"data":8000005,"x":16,"y":30}
  ],
  "traps": [
  ],
  "decos": [
  ],
  "respawnVars": {
    "secondsFromLastRespawn": 195,
    "respawnSeed": -212853765,
    "obstacleClearCounter": 0,
    "time_to_gembox_drop": 359805,
    "time_in_gembox_period": 244679,
    "time_to_special_drop": 248205,
    "time_to_special_period": 97079
  },
  "cooldowns": [
  ],
  "newShopBuildings": [
    1,
    0,
    1,
    1,
    1,
    1,
    1,
    0,
    2,
    0,
    0,
    0,
    0,
    0,
    1,
    5,
    0,
    0,
    0,
    0,
    0,
    0,
    0,
    0,
    0,
    0,
    0,
    0,
    0,
    0
  ],
  "newShopTraps": [
    0,
    0,
    0,
    0,
    0,
    0,
    0,
    0,
    0
  ],
  "newShopDecos": [
    1,
    4,
    0,
    0,
    1,
    0,
    0,
    0,
    0,
    0,
    0,
    0,
    0,
    0,
    0,
    0,
    0,
    0,
    0,
    0,
    0,
    0,
    0,
    0,
    0,
    0,
    0,
    0,
    0,
    0,
    0,
    0,
    0,
    0,
    0,
    0,
    0
  ],
  "last_league_rank": 1,
  "last_alliance_level": 0,
  "last_league_shuffle": 0,
  "last_season_seen": -1,
  "last_news_seen": 13,
  "edit_mode_shown": false,
  "war_tutorials_seen": 0,
  "war_base": false,
  "help_opened": false,
  "bool_layout_edit_shown_erase": false
}
